poth;4528;1706715739
pathy;4552;1706715744
test;4606;1706715757
patqsdfdgfh;8702;1706718125
patqsdfdgfh;9897;1706718599
patqsdfdgfh;10067;1706718616
patqsdfdgfh;12008;1706719547
patqsdfdgfh;12242;1706719583
th;12846;1706719663
th;12903;1706719678
patqsdfdgfh;14436;1706720480
patqsdfdgfh;29620;1706721162
patqsdfdgfh;16099;1706721261
patqsdfdgfh;16253;1706721275
patqsdfdgfh;16422;1706721301
patqsdfdgfh;16678;1706721363
patqsdfdgfh;16915;1706721439
patqsdfdgfh;36816;1706721464
patqsdfdgfh;17420;1706721619
patqsdfdgfh;31832;1706721625
rust;106216;1707421909
w:\files\dev\rust;100948;1707422075
w:\files\dev\rust;95772;1707422099
w:\files\dev\rust;106952;1707422343
w:\files\dev\rust;97492;1707422451
w:\files\dev\rust;91124;1707422522
w:\files\dev\rust;106356;1707422528
w:\files\dev\rust;87216;1707422546
w:\files\dev\rust;88324;1707465262
w:\files\dev\rust;92012;1707465375
w:\files\dev\rust;96928;1707465461
w:\files\dev\rust;103516;1707466390
w:\files\dev\rust;45712;1707466458
w:\files\dev\rust;32252;1707466476
w:\files\dev\rust;36708;1707466539
w:\files\dev\rust;9292;1707466548
w:\files\dev\rust;53180;1707466632
w:\files\dev\rust;67712;1707467042
w:\files\dev\rust;26760;1707467082
w:\files\dev\rust;105856;1707467187
w:\files\dev\rust;50140;1707467193
w:\files\dev\python;90896;1707467200
w:\files\dev\python;90792;1707467204
w:\files\dev\python;94756;1707467320
w:\files\dev\rust;55504;1707468393
w:\files\dev\rust;7340;1707475146
c:;9416;1707481855
////////wsl.localhost/ubuntu;11876;1707482449
//wsl.localhost/ubuntu;16052;1707482471
w:/files/dev/rust;11056;1707485069
//wsl.localhost/debian/home;15776;1707485074
//wsl.localhost/ubuntu;6240;1707485079
//wsl.localhost/ubuntu;13160;1707485247
//wsl.localhost/ubuntu;19316;1707485271
w:/files/dev/rust;10656;1707485623
w:/files/dev/rust;14648;1707485628
w:/files/dev/rust;1720;1707485636
w:/files/dev/rust;18720;1707485637
w:/files/dev/rust;2340;1707485671
w:/files/dev/rust;4980;1707485684
w:/files/dev/rust;10724;1707485702
w:/files/dev/rust;7340;1707485722
w:/files/dev/rust;14152;1707485756
w:/files/dev/rust;12592;1707486038
w:/files/dev/rust;18396;1707486059
w:/files/dev/rust;17480;1707486068
w:/files/dev/rust;16852;1707486351
w:/files/dev/rust;20260;1707486468
w:/files/dev/rust;3916;1707486637
w:/files/dev/python;9868;1707486647
w:/files/dev/rust;3452;1707486936
w:/files/dev/rust;20396;1707486985
w:/files/dev/python;15812;1707486988
w:/files/dev/powershell;2044;1707486994
w:/files/dev/powershell;9000;1707486997
w:/files/dev/powershell;15892;1707486998
w:/files/dev/powershell;13916;1707487009
w:/files/dev/powershell;11592;1707487019
w:/files/dev/rust;3456;1707487034
w:/files/dev/python;13924;1707487075
w:/files/dev/rust;11964;1707487969
w:/files/dev/python;464;1707488008
w:/files/dev/python;19508;1707488096
w:/files/dev/python;10780;1707488289
w:/files/dev/python;18472;1707488291
w:/files/dev/python;18768;1707488304
w:/files/dev/rust;18836;1707492161
w:/files/dev/python;17144;1707492833
w:/files/dev/python;12224;1707492980
w:/files/dev/python;3400;1707493290
w:/files/dev/python;10844;1707493295
w:/files/dev/python;9160;1707493449
w:/files/dev/python;19024;1707494072
w:/files/dev/python;16460;1707494801
w:/files/dev/python;21440;1707497521
w:/files/dev/python;10556;1707504452
w:/files/dev/python;20244;1707504456
w:/files/dev/python;16820;1707504465
w:/files/dev/python;9120;1707504476
w:/files/dev/python;17136;1707504544
w:/files/dev/python;18320;1707504575
w:/files/dev/python;17528;1707505144
w:/files/dev/python;22644;1707507216
w:/files/dev/python;17680;1707508821
w:/files/dev/python;24368;1707509417
w:/files/dev/python;9732;1707509541
w:/files/dev/python;9684;1707512789
w:/files/dev/python;20056;1707512799
w:/files/dev/python;23296;1707512802
w:/files/dev/python;18372;1707512807
w:/files/dev/python;3952;1707512814
w:/files/dev/python;684;1707513030
w:/files/dev/python;24552;1707513037
w:/files/dev/python;9844;1707513040
w:/files/dev/python;7716;1707513064
w:/files/dev/python;17580;1707513077
w:/files/dev/python;18588;1707513083
w:/files/dev/python;16112;1707513498
w:/files/dev/python;17452;1707525786
w:/files/dev/python;10504;1707549008
w:/files/dev/python;19924;1707549040
w:/files/dev/web;17200;1707549066
w:/files/dev/python;8520;1707554462
w:/files/dev/python;11684;1707554916
w:/files/dev/python;11236;1707565252
w:/files/dev/python;24304;1707565403
w:/files/dev/python;12848;1707565710
w:/files/dev/python;23232;1707565861
w:/files/dev/python;4972;1707565862
w:/files/dev/python;21180;1707565899
w:/files/dev/python;23344;1707565910
w:/files/dev/python;15144;1707565915
w:/files/dev/python;5340;1707565918
w:/files/dev/python;22700;1707565922
w:/files/dev/python;20896;1707565925
w:/files/dev/python/tipe;22624;1707567213
w:/files/dev/python/tipe;1764;1707567391
w:/files/dev/rust/;2364;1707567531
w:/files/dev/rust/;22828;1707567556
w:/files/dev/python/tipe;23056;1707568328
w:/files/dev/python/;18604;1707568347
w:/files/dev/python/tipe/-get;5376;1707568488
w:/files/dev/python/tipe/-get;19080;1707568494
w:/files/dev/powershell/cmdlets/;19072;1707568515
w:/files/dev/python/tipe;23572;1707568678
w:/files/dev/python/tipe;3784;1707568709
w:/files/dev/rust/;24204;1707568811
w:/files/dev/rust/;24484;1707568818
w:/files/dev/python/;12592;1707568993
w:/files/dev/python/;24648;1707569773
w:/files/dev/python/;19072;1707569793
w:/files/dev/python/;2196;1707569799
w:/files/dev/python/;6696;1707569853
w:/files/dev/python/;16448;1707569871
w:/files/dev/python/;13724;1707569877
w:/files/dev/python/;23132;1707569928
w:/files/dev/python/get;4816;1707569933
w:/files/dev/python/;25384;1707569943
w:/files/dev/python/;24548;1707569961
w:/files/dev/python/;20576;1707569969
w:/files/dev/python/tipe;22724;1707569986
w:/files/dev/python/tipe;20972;1707570052
w:/files/dev/python/tipe;21868;1707570065
w:/files/dev/python/;12104;1707591797
w:/files/dev/python/;12400;1707591873
w:/files/dev/python/;5800;1707591876
w:/files/dev/python/;12948;1707591877
w:/files/dev/python/;20384;1707591877
w:/files/dev/python/;9680;1707591878
w:/files/dev/python/;34812;1707591921
w:/files/dev/python/;18076;1707599783
w:/files/dev/python/;16592;1707599790
w:/files/dev/python/;5432;1707599795
w:/files/dev/rust/goto;29376;1707599810
w:/files/dev/rust/goto;27844;1707599840
w:/files/dev/python/;12700;1707599862
w:/files/dev/web/site_web_mad/;29780;1707599880
w:/files/dev/web/site_web_mad/;7076;1707599969
w:/files/dev/rust/goto;30952;1707600568
w:/files/dev/web/site_web_mad/;9912;1707602907
w:/files/dev/web/site_web_mad/noclear;18152;1707602912
w:/files/dev/web/site_web_mad/noclear;26348;1707602915
w:/files/dev/web/site_web_mad/noclear;12000;1707602917
w:/files/dev/rust/goto;14720;1707604336
w:/windows/setup/;20284;1707605391
w:/files/dev/rust/goto;20080;1707605757
w:/files/dev/powershell/cmdlets/;3480;1707605814
w:/files/dev/rust/goto/;11496;1707606434
w:/files/dev/python/;25148;1707606456
w:/files/dev/python/;14428;1707606767
w:/files/dev/python/;16356;1707606959
w:/files/dev/python/;13920;1707607781
w:/files/dev/python/;12680;1707607810
w:/files/dev/python/;20084;1707608915
w:/files/dev/python/tipe;8512;1707608956
w:/files/dev/python/;23760;1707609179
w:/files/dev/python/;36376;1707609491
w:/files/dev/python/;23760;1707609494
w:/files/dev/python/tipe;15676;1707609499
w:/files/dev/rust/goto/;36560;1707639156
w:/files/dev/rust/goto/;13212;1707639162
w:/files/dev/python/;21700;1707643257
w:/files/dev/rust/goto;16692;1707644948
w:/files/dev/python/;16948;1707645364
w:/windows/apps/;14772;1707645374
w:/windows/apps/;3228;1707645377
w:/windows/apps/;10196;1707645378
w:/windows/apps/;3656;1707645380
w:/windows/apps/;4660;1707645380
w:/files/dev/rust/goto/;5132;1707645385
w:/files/dev/rust/goto/;12676;1707647298
w:/files/dev/python/;19080;1707650657
w:/files/dev/python/tipe;19216;1707650664
w:/files/dev/python/;17212;1707671680
w:/files/dev/python/;6412;1707672032
w:/windows/setup/;12840;1707674727
w:/files/dev/web/site_web_mad/;2532;1707674774
w:/files/dev/web/site_web_mad/;14704;1707674778
w:/files/dev/web/mad_website/;17348;1707674798
w:/files/dev/python/tipe;20012;1707676805
w:/windows/setup/;18632;1707676855
w:/files/dev/python/tipe;21752;1707676908
W:/files/dev/android/undercover/;23468;1707677178
w:/files/dev/web/mad_website/;20028;1707678179
w:/files/dev/web/mad_website/;12388;1707678873
w:/files/dev/web/mad_website/;15236;1707681040
w:/files/dev/rust/goto;13468;1707689305
w:/files/dev/python/tipe;13968;1707689356
w:/files/dev/python/tipe;20428;1707689361
w:/files/dev/python/tipe;18956;1707689401
w:/files/dev/rust/goto/;4008;1707689447
w:/files/dev/python/tipe;16372;1707689452
w:/files/dev/python/tipe;15236;1707689455
w:/files/dev/rust/goto/;3180;1707689477
w:/files/dev/python/tipe;15772;1707689516
w:/files/dev/web/mad_website/;13676;1707689552
w:/files/dev/python/tipe;24848;1707690090
w:/files/dev/python/tipe;14148;1707690121
w:/files/dev/python/tipe;25444;1707690535
w:/files/dev/python/tipe;19720;1707690559
w:/files/dev/python/;24144;1707690597
w:/files/dev/python/tipe;43068;1707725092
w:/files/dev/python/tipe;36216;1707725102
w:/files/dev/python/tipe;44952;1707725113
w:/files/dev/rust/goto/;33372;1707725122
w:/files/dev/python/;33116;1707725132
w:/files/dev/python/tipe;64436;1707725172
w:/windows/;76464;1707725240
w:/files/dev/powershell/cmdlets/;73184;1707725252
w:/files/dev/rust/goto/;59148;1707725297
w:/windows/bin;74468;1707725511
w:/files/dev/powershell/cmdlets/;57320;1707725543
w:/files/dev/rust/goto/;71576;1707725569
w:/files/dev/rust/goto/;28492;1707726039
w:/files/dev/python/;29732;1707726424
w:/files/dev/python/;76196;1707726668
w:/files/dev/python/;26972;1707726738
w:/;10956;1707727720
w:/files/dev/rust/goto/;13136;1707727782
/mnt/w://files/dev/python/;741;1707728586
/mnt/wfiles/dev/python/;1001;1707730242
/mnt/wfiles/dev/python/;1334;1707730395
/mnt/wfiles/dev/python/;1462;1707730796
/mnt/w/files/dev/rust/goto/;1587;1707730965
w:/files/dev/web/mad_website/;43208;1707731462
/mnt/w/files/dev/python/;1973;1707732081
/mnt/w/files/dev/python/;2243;1707732139
/mnt/w/files/dev/python/;2513;1707732212
/mnt/w/files/dev/rust/goto/;2741;1707732317
/mnt/w/files/dev/rust/goto/;2757;1707732408
/mnt/w/files/dev/rust/goto/;2773;1707732421
/mnt/w/files/dev/rust/goto/;2780;1707732429
/mnt/w/files/dev/rust/goto/;2787;1707732437
/mnt/w/files/dev/rust/goto/;2794;1707732441
/mnt/w/files/dev/rust/goto/;2801;1707732455
/mnt/w/files/dev/rust/goto/;2808;1707732469
/mnt/w/files/dev/rust/goto/;2815;1707732488
/mnt/w/files/dev/rust/goto/;2822;1707732494
w:/files/dev/web/mad_website/;58160;1707736956
w:/files/dev/rust/goto/;11940;1707737362
w:/files/dev/web/mad_website/;53912;1707737451
w:/files/assos/je/;76260;1707737685
w:/files/assos/je/;61196;1707738006
w:/files/dev/rust/goto/;49576;1707738014
w:/files/assos/je/-ne;15860;1707738035
w:/files/assos/je/;71608;1707738039
w:/files/dev/powershell/cmdlets/;47748;1707738116
w:/windows/;12420;1707740701
w:/Windows/bin/;51468;1707740722
w:/files/assos/je/;76916;1707741016
w:/files/dev/rust/goto/;80532;1707741023
w:/files/dev/python/;53632;1707741097
w:/files/assos/je/;21496;1707741107
w:/files/assos/;50704;1707741113
w:/files/dev/;26852;1707741119
w:/files/1a/;45636;1707741156
w:/files/1a/;45720;1707741171
W:\files\1a\ses105/;79332;1707741191
w:/files/dev/rust/goto/;28928;1707742165
w:/files/dev/rust/goto/;77732;1707742374
/mnt/w/files/dev/rust/goto/;7744;1707742416
w:/files/dev/python/;75552;1707742514
w:/windows/setup/;56456;1707743980
W:\files\1a\ses105/;61272;1707745707
W:\files\1a\ses105/;65452;1707745945
w:/files/dev/rust/goto/;57376;1707746019
w:/files/assos/je/;44404;1707747327
w:/files/1a/;62436;1707747476
W:\files\1a\si101/;58856;1707747509
W:\files\1a\si101/;34800;1707747517
w:/files/dev/powershell/cmdlets/;44948;1707751011
w:/files/dev/rust/goto/;37448;1707751026
w:/files/assos/je/;74564;1707751031
w:/files/dev/rust/goto/;52524;1707751036
w:/files/dev/python/;1240;1707751037
w:/files/assos/je/;28500;1707751048
w:/files/dev/rust/goto/;25560;1707751057
w:/files/dev/powershell/cmdlets/;72556;1707751143
w:/files/dev/rust/goto/;73092;1707751151
/mnt/w/files/dev/powershell/cmdlets/;8452;1707751323
/mnt/w/files/dev/powershell/cmdlets/;8465;1707751350
/mnt/w/files/dev/powershell/cmdlets/;8473;1707751353
/mnt/w/files/dev/python/;8535;1707751387
/mnt/w/files/dev/powershell/cmdlets/;8744;1707751478
/mnt/w/files/dev/python/;8814;1707751551
/mnt/w/files/dev/powershell/cmdlets/;9024;1707751560
/mnt/w/files/dev/powershell/cmdlets/;9031;1707751564
/mnt/w/files/dev/powershell/cmdlets/;9048;1707751598
/mnt/w/files/dev/powershell/cmdlets/;9059;1707751603
/mnt/w/files/dev/powershell/cmdlets/;9066;1707751608
/mnt/w/files/dev/powershell/cmdlets/;9073;1707751635
/mnt/w/files/dev/powershell/cmdlets/;9080;1707751642
/mnt/w/files/dev/powershell/cmdlets/;9090;1707751687
/mnt/w/files/dev/powershell/cmdlets/;9109;1707751702
/mnt/w/files/dev/powershell/cmdlets/;9113;1707751712
/mnt/w/files/dev/powershell/cmdlets/;9123;1707751927
/mnt/w/files/dev/powershell/cmdlets/;9127;1707751940
/mnt/w/files/dev/powershell/cmdlets/;9134;1707751965
/mnt/w/files/dev/powershell/cmdlets/;9147;1707752077
/mnt/w/files/dev/powershell/cmdlets/;9154;1707752099
/mnt/w/files/dev/python/;9167;1707752116
/mnt/w/files/dev/powershell/cmdlets/;9175;1707752127
/mnt/w/files/dev/python/;9198;1707752267
/mnt/w/files/dev/python/;9203;1707752276
/mnt/w/files/dev/python/;9208;1707752277
/mnt/w/files/dev/python/;9213;1707752278
/mnt/w/files/dev/python/;9218;1707752279
/mnt/w/files/dev/powershell/cmdlets/;9230;1707752333
/mnt/w/files/dev/powershell/cmdlets/;9235;1707752419
/mnt/w/files/dev/powershell/cmdlets/;9239;1707752432
/mnt/w/files/dev/powershell/cmdlets/;9243;1707752440
/mnt/w/files/dev/powershell/cmdlets/;9245;1707752486
/mnt/w/files/dev/powershell/cmdlets/;9247;1707752513
/mnt/w/files/dev/;9251;1707752551
/mnt/w/files/dev/;9255;1707752553
/mnt/w/files/dev/;9259;1707752555
/mnt/w/files/dev/;9262;1707752564
/mnt/w/files/dev/;9264;1707752571
/mnt/w/files/dev/python/tipe;9267;1707752685
/mnt/w/files/1a/;9270;1707753314
w:/files/1a/ia101/;11836;1707753364
w:/files/dev/powershell/cmdlets/;46792;1707753405
/mnt/w/files/dev/powershell/cmdlets/;9287;1707753418
/mnt/w/files/dev/powershell/cmdlets/;9291;1707753422
/mnt/w/files/dev/powershell/cmdlets/;9294;1707753425
/mnt/w/files/dev/rust/goto/;9297;1707753428
w:/files/dev/python/;53200;1707753784
w:/files/dev/powershell/cmdlets/;25560;1707753786
w:/files/dev/web/mad_website/;37552;1707753853
W:/files/dev/android/undercover/;64568;1707761903
W:/files/dev/android/undercover/;40256;1707762511
W:/files/dev/android/undercover/;12996;1707764412
w:/files/dev/;23404;1707769257
W:\files\dev\android/;69276;1707769271
W:\files\dev\android/;56808;1707770320
w:/files/dev/powershell/cmdlets/;24844;1707770833
W:\files\dev\android/;15032;1707770908
w:/files/dev/powershell/cmdlets/;21920;1707770919
W:\files\dev\android/;29764;1707770967
W:\files\dev\android/;72596;1707771164
w:/files/dev/web/mad_website/;65796;1707777285
w:/files/dev/python/;37736;1707777316
w:/files/dev/web/mad_website/;63296;1707778823
w:/files/dev/web/mad_website/;11068;1707779464
w:/files/dev/rust/goto/;52956;1707782381
w:/files/dev/rust/goto/;51956;1707782481
W:\files\dev\android/;57200;1707807523
W:\files\dev\android/;56196;1707807912
W:/files/dev/android/undercover/;45840;1707808008
w:/files/1a/;46384;1707809506
w:/files/dev/rust/goto/;19516;1707809768
W:\files\1a\fhlec/;15460;1707809812
w:/files/dev/python/tipe;56484;1707816090
w:/files/dev/python/swarm-rescue/;30728;1707816156
w:/windows/apps/;30944;1707816194
w:/files/dev/powershell/cmdlets/;26972;1707816245
w:/windows/apps/;12624;1707816337
w:/files/1a/;15700;1707816544
w:/files/dev/python/;37612;1707816586
w:/windows/apps/;66612;1707816642
w:/files/dev/python/;82896;1707819051
w:/;27864;1707819053
w:/files/dev/python/;14048;1707819564
W:\files\dev\android/;59340;1707822673
w:/files/dev/powershell/cmdlets/;47064;1707823118
w:/;57912;1707823120
W:/files/dev/android/undercover/;30420;1707823207
w:/files/dev/python/;24148;1707823215
w:/files/dev/python/;79288;1707823282
w:/files/dev/python/;77572;1707824101
w:/files/dev/python/;13260;1707828164
w:/files/1a/;75016;1707828166
w:/files/dev/python/;60860;1707828168
W:\files\1a\si101/;19008;1707828185
w:/files/dev/python/;18240;1707829946
w:/files/dev/powershell/cmdlets/;2168;1707829950
w:/files/dev/powershell/cmdlets/;65168;1707830074
w:/files/dev/powershell/cmdlets/;24256;1707830108
W:\files\1a\si101/;19616;1707830358
w:/files/dev/powershell/cmdlets/;81020;1707830801
W:\files\1a\si101/;46284;1707831004
W:/files/dev/android/undercover/;42880;1707839647
W:/files/dev/android/undercover/;3932;1707847047
w:/files/assos/je/;63168;1707847248
W:/files/dev/android/undercover/;32644;1707856490
w:/files/dev/python/;69396;1707864072
W:/files/dev/android/undercover/;43700;1707864081
w:/files/dev/powershell/cmdlets/;20068;1707864778
w:/files/dev/powershell/cmdlets/;40120;1707865773
w:/files/dev/python/;2876;1707893965
w:/files/dev/python/;64408;1707893965
w:/files/dev/python/;59308;1707893984
w:/files/dev/powershell/cmdlets/;48068;1707893987
w:/files/dev/powershell/cmdlets/;35796;1707893995
w:/windows/setup/;74680;1707894404
w:/files/dev/python/;67688;1707895120
w:/files/dev/python/;15288;1707895125
w:/files/dev/python/;51632;1707895130
w:/files/dev/python/;31260;1707895134
w:/files/dev/powershell/cmdlets/;24788;1707895137
w:/files/dev/powershell/cmdlets/;66372;1707895145
w:/files/dev/powershell/cmdlets/;32908;1707895148
w:/files/dev/python/;35124;1707896900
w:/files/1a/;63720;1707896907
w:/files/dev/python/;53224;1707897364
w:/files/1a/;38188;1707897516
w:/files/dev/python/;67968;1707898088
w:/;70644;1707898091
w:/files/dev/python/;11892;1707900153
W:/files/dev/android/undercover/;44876;1707900154
W:/files/dev/android/undercover/;51440;1707900170
w:/files/1a/;51440;1707901890
W:/files/dev/android/undercover/;53436;1707902404
W:/files/dev/android/undercover/;67208;1707902412
w:/files/dev/python/;6512;1707904198
w:/files/1a/;17136;1707904201
/mnt/w/files/dev/python/;177;1707904937
/mnt/w/files/dev/python/;180;1707904941
/mnt/w/files/dev/python/;183;1707904946
/mnt/w/files/dev/python/;186;1707904951
/mnt/w/files/1a/proj104/aistrat/;199;1707904978
w:/files/1a/proj104/aistrat/;73408;1707904983
w:/;62696;1707904994
w:/files/1a/proj104/aistrat/;24040;1707905033
w:/files/dev/python/;80592;1707913468
w:/files/dev/web/mad_website/;17496;1707913470
w:/files/dev/python/;72888;1707920096
w:/files/dev/web/mad_website/;33332;1707920099
w:/files/dev/powershell/cmdlets/;52468;1707920520
W:\files\1a\si101/;29924;1707921005
w:/files/dev/powershell/cmdlets/;27264;1707925661
w:/files/dev/rust/goto/;81008;1707925673
w:/files/dev/web/mad_website/;47808;1707925838
w:/files/dev/web/mad_website/;15300;1707927501
w:/files/dev/python/;4776;1707927842
w:/files/1a/;6320;1707927850
w:/files/dev/python/;8004;1707927864
w:/files/1a/;13348;1707927867
w:/files/dev/python/;15712;1707928126
w:/files/dev/;4176;1707928128
w:/windows/setup/;10896;1707929735
/mnt/w/windows/;17;1707929827
/mnt/w/windows/;22;1707929834
/mnt/w/windows/;26;1707929847
/mnt/w/windows/;32;1707929856
/mnt/w/windows/;36;1707929920
/mnt/w/windows/;41;1707929924
/mnt/w/windows/;44;1707929928
/mnt/w/windows/;51;1707929933
/mnt/w/files/dev/rust/goto/;55;1707929936
w:/files/dev/rust/goto/;21364;1707929941
w:/windows/;18696;1707929949
//wsl.localhost/debian/home/;19552;1707929976
w:/files/dev/rust/goto/;23908;1707992623
w:/files/dev/web/mad_website/;14328;1707992825
w:/files/dev/web/mad_website/;24672;1707992850
w:/files/dev/python/;14128;1708001054
w:/files/dev/python/;18048;1708001188
w:/files/dev/python/;22288;1708001248
w:/files/dev/python/;12300;1708001495
w:/files/dev/python/;2668;1708002112
w:/files/dev/python/;11956;1708002201
w:/files/dev/python/;14468;1708002403
w:/files/dev/python/;8124;1708002469
w:/files/dev/python/;25520;1708002496
w:/files/dev/python/;24700;1708002632
w:/files/dev/python/;13024;1708002638
w:/files/dev/rust/goto/;15184;1708003738
w:/files/dev/python/;16412;1708003756
w:/files/dev/python/;17544;1708004607
w:/files/1a/;30632;1708006292
w:/files/dev/python/;27820;1708020612
w:/files/dev/web/mad_website/;11820;1708020615
w:/files/dev/web/mad_website/;21792;1708023960
w:/files/dev/python/;28096;1708023960
w:/files/dev/web/mad_website/;23864;1708023978
w:/files/dev/python/;30664;1708024046
w:/files/dev/web/mad_website/;10720;1708024049
w:/files/dev/python/;2936;1708024061
w:/files/dev/python/;15236;1708024382
w:/files/dev/web/;26096;1708024390
w:/files/dev/python/;26332;1708024544
w:/files/dev/web/mad_website/;23500;1708024546
w:/files/dev/python/;14188;1708024557
w:/files/dev/web/mad_website/;8600;1708024559
w:/files/dev/python/;15596;1708024916
w:/files/dev/web/mad_website/;24444;1708024921
w:/files/dev/powershell/cmdlets/;26556;1708025059
w:/;18000;1708025102
w:/files/dev/powershell/cmdlets/perso;10584;1708025116
w:/files/dev/powershell/cmdlets/perso;14920;1708025128
w:/;7564;1708025149
w:/files/dev/powershell/cmdlets/perso;28440;1708025169
w:/files/dev/powershell/cmdlets/perso;30688;1708025173
w:/files/dev/web/mad_website/;27816;1708025181
w:/files/dev/powershell/cmdlets/perso;13104;1708025205
w:/files/dev/python/;10440;1708025271
w:/files/dev/powershell/cmdlets/;26492;1708025423
w:/files/dev/python/;27836;1708026075
w:/files/dev/python/;16676;1708026092
w:/files/dev/powershell/cmdlets/;20148;1708026097
w:/files/dev/python/;10780;1708026185
w:/files/dev/python/;7348;1708026197
w:/files/dev/python/;15540;1708026323
w:/files/dev/python/;25992;1708026323
w:/files/dev/python/;28268;1708026333
w:/files/dev/python/;26516;1708026339
w:/files/dev/powershell/cmdlets/;19004;1708026341
w:/files/dev/powershell/cmdlets/perso;11612;1708026349
w:/files/dev/python/;24244;1708026379
w:/files/dev/python/;28044;1708026412
w:/files/dev/python/;12576;1708026440
w:/files/dev/powershell/cmdlets/;15516;1708026456
w:/files/dev/python/;26372;1708026533
w:/files/dev/rust/goto/;20008;1708026537
w:/files/dev/python/;13128;1708035285
w:/files/dev/python/;32904;1708035305
w:/files/dev/python/;3872;1708035334
/mnt/w/files/dev/python/;20;1708035429
/mnt/w/files/dev/python/;23;1708035431
/mnt/w/files/dev/python/;26;1708035464
w:/files/dev/python/;34316;1708035481
w:/windows/setup/;6668;1708035498
w:/;9388;1708035579
W:\windows\bashcmdlets/;34240;1708035581
w:/files/dev/rust/goto/;33880;1708035584
W:\windows\bashcmdlets/;9488;1708035610
w:/files/dev/python/;34892;1708035772
W:\windows\bashcmdlets/;34728;1708035789
w:/files/dev/python/;32600;1708035817
w:/files/dev/python/;20164;1708035843
w:/files/dev/rust/goto/;28856;1708035889
w:/files/dev/python/;35188;1708035890
w:/files/dev/python/;34732;1708035906
w:/files/dev/rust/goto/;35648;1708035931
w:/files/dev/python/;34132;1708035933
w:/windows/bashcmdlets/;8360;1708035948
w:/windows/bashcmdlets/;9624;1708035987
w:/windows/bashcmdlets/;35392;1708036019
w:/windows/bashcmdlets/;35112;1708036120
/mnt/w/windows/bashcmdlets/;1108;1708036430
/mnt/w/windows/bashcmdlets/;1586;1708036571